AAAAAAAAPGFEHNBA,Martin,Lopez,1989,GUINEA-BISSAU,2452609
AAAAAAAAAHFEHNBA,James,,,,2452298
AAAAAAAABHFEHNBA,Thomas,Hernandez,1964,GHANA,2452539
AAAAAAAACHFEHNBA,Kendra,Heath,1992,TOKELAU,2452639
AAAAAAAADHFEHNBA,Jesse,Ramos,1929,ANDORRA,2452284
AAAAAAAAEHFEHNBA,Cody,Barry,1947,GUERNSEY,2452291
AAAAAAAAFHFEHNBA,Jack,Rodriguez,1965,CZECH REPUBLIC,2452574
AAAAAAAAGHFEHNBA,Michael,Stratton,1944,"VIRGIN ISLANDS, U.S.",2452411
AAAAAAAAHHFEHNBA,Mark,Adamson,1972,BAHRAIN,2452476
AAAAAAAAIHFEHNBA,Kimberly,Hyatt,1979,SRI LANKA,2452620
